date,price,daily_return_pct,rolling_volatility_7d,abs_daily_return,is_anomaly,anomaly_reason
2024-01-10,0.755,,,,False,
2024-01-11,0.72,-4.635761589403975,,4.635761589403975,False,
2024-01-12,0.645,-10.416666666666663,,10.416666666666663,False,
2024-01-13,0.555,-13.953488372093014,4.703686562777774,13.953488372093014,False,
2024-01-14,0.5,-9.90990990990992,3.8424381732412907,9.90990990990992,False,
2024-01-15,0.545,9.000000000000007,9.012658412473012,9.000000000000007,False,
2024-01-16,0.55,0.917431192660545,8.53924945986892,0.917431192660545,False,
2024-01-17,0.455,-17.272727272727273,9.103411708166826,17.272727272727273,False,
2024-01-18,0.525,15.384615384615397,12.381741814533505,15.384615384615397,False,
2024-01-19,0.535,1.904761904761898,12.149701409461217,1.904761904761898,False,
2024-01-20,0.585,9.345794392523343,11.500080874275408,9.345794392523343,False,
2024-01-21,0.585,0.0,10.44625311924109,0.0,False,
2024-01-22,0.585,0.0,10.097447035366917,0.0,False,
2024-01-23,0.54,-7.692307692307676,10.68315345784341,7.692307692307676,False,
2024-01-24,0.53,-1.851851851851849,7.621574395884156,1.851851851851849,False,
2024-01-25,0.5,-5.660377358490576,5.528402304817885,5.660377358490576,False,
2024-01-26,0.505,1.0000000000000009,5.471322431541885,1.0000000000000009,False,
2024-01-27,0.455,-9.9009900990099,4.29456072325679,9.9009900990099,False,
2024-01-28,0.47,3.296703296703285,4.876483003418223,3.296703296703285,False,
2024-01-29,0.48,2.127659574468077,5.1512213758297385,2.127659574468077,False,
2024-01-30,0.445,-7.2916666666666625,5.087939601069937,7.2916666666666625,False,
2024-01-31,0.475,6.741573033707859,6.213911522167525,6.741573033707859,False,
2024-02-01,0.485,2.1052631578947434,6.013134332628958,2.1052631578947434,False,
2024-02-02,0.485,0.0,5.989641919673697,0.0,False,
2024-02-03,0.465,-4.123711340206182,4.730828395271788,4.123711340206182,False,
2024-02-04,0.405,-12.903225806451612,6.653778636910813,12.903225806451612,False,
2024-02-05,0.4,-1.2345679012345734,6.431693248310366,1.2345679012345734,False,
2024-02-06,0.415,3.7499999999999867,6.382028957129581,3.7499999999999867,False,
2024-02-07,0.42,1.2048192771084265,5.5833690417241195,1.2048192771084265,False,
2024-02-08,0.425,1.1904761904761862,5.492144719607692,1.1904761904761862,False,
2024-02-09,0.425,0.0,5.492144719607692,0.0,False,
2024-02-10,0.47,10.588235294117654,7.024918667231165,10.588235294117654,False,
2024-02-11,0.475,1.0638297872340496,3.9265866965781355,1.0638297872340496,False,
2024-02-12,0.465,-2.1052631578947323,4.070800479345041,2.1052631578947323,False,
2024-02-13,0.485,4.3010752688172005,4.1099704452038734,4.3010752688172005,False,
2024-02-14,0.475,-2.0618556701030966,4.430701269087217,2.0618556701030966,False,
2024-02-15,0.42,-11.578947368421055,6.763763587242705,11.578947368421055,False,
2024-02-16,0.395,-5.952380952380942,7.132232524324346,5.952380952380942,False,
2024-02-17,0.395,0.0,5.159217316085092,0.0,False,
2024-02-18,0.385,-2.5316455696202556,4.938906058554939,2.5316455696202556,False,
2024-02-19,0.385,0.0,5.054351960315175,0.0,False,
2024-02-20,0.455,18.181818181818187,9.206164630867077,18.181818181818187,False,
2024-02-21,0.465,2.19780219780219,9.231347082804021,2.19780219780219,False,
2024-02-22,0.465,0.0,7.713990464306367,0.0,False,
2024-02-23,0.41,-11.827956989247323,8.911990163774503,11.827956989247323,False,
2024-02-24,0.41,0.0,8.911990163774503,0.0,False,
2024-02-25,0.435,6.0975609756097615,8.961329446030012,6.0975609756097615,False,
2024-02-26,0.435,0.0,8.961329446030012,0.0,False,
2024-02-27,0.425,-2.298850574712641,5.512680858309317,2.298850574712641,False,
2024-02-28,0.445,4.705882352941182,5.815683360097054,4.705882352941182,False,
2024-02-29,0.44,-1.1235955056179803,5.81590149956464,1.1235955056179803,False,
2024-03-01,0.445,1.1363636363636465,3.0768070011312605,1.1363636363636465,False,
2024-03-02,0.445,0.0,3.0768070011312605,0.0,False,
2024-03-03,0.445,0.0,2.2040622204760383,0.0,False,
2024-03-04,0.445,0.0,2.2040622204760383,0.0,False,
2024-03-05,0.435,-2.2471910112359605,2.193794198691998,2.2471910112359605,False,
2024-03-06,0.425,-2.298850574712641,1.287929547774342,2.298850574712641,False,
2024-03-07,0.38,-10.588235294117643,3.9946834828013453,10.588235294117643,False,
2024-03-08,0.375,-1.3157894736842146,3.7753321735806016,1.3157894736842146,False,
2024-03-09,0.355,-5.333333333333334,3.7601636207538847,5.333333333333334,False,
2024-03-10,0.345,-2.8169014084507116,3.5143146112724515,2.8169014084507116,False,
2024-03-11,0.235,-31.88405797101449,10.964836834148878,31.88405797101449,True,top_10%
2024-03-12,0.31,31.91489361702129,18.794840995953553,31.91489361702129,True,top_10%
2024-03-13,0.295,-4.838709677419361,18.799310430732397,4.838709677419361,False,
2024-03-14,0.275,-6.779661016949145,18.61594037681191,6.779661016949145,False,
2024-03-15,0.265,-3.6363636363636376,18.60144709608808,3.6363636363636376,False,
2024-03-16,0.255,-3.7735849056603765,18.582910890957343,3.7735849056603765,False,
2024-03-17,0.275,7.843137254901977,19.042645919281007,7.843137254901977,False,
2024-03-18,0.32,16.36363636363636,14.422923506794394,16.36363636363636,False,
2024-03-19,0.32,0.0,8.389402865092054,0.0,False,
2024-03-20,0.245,-23.4375,12.425091180623179,23.4375,False,
2024-03-21,0.165,-32.65306122448979,17.08661363997293,32.65306122448979,True,top_10%
2024-03-22,0.21,27.27272727272727,21.184981410970753,27.27272727272727,True,top_10%
2024-03-23,0.22,4.761904761904767,21.25753337014694,4.761904761904767,False,
2024-03-24,0.195,-11.363636363636365,21.319167974850338,11.363636363636365,False,
2024-03-25,0.2,2.564102564102577,19.84738194882216,2.564102564102577,False,
2024-03-26,0.255,27.499999999999993,23.34479161538356,27.499999999999993,True,top_10%
2024-03-27,0.25,-1.9607843137254943,21.179288226718395,1.9607843137254943,False,
2024-03-28,0.195,-21.999999999999996,18.4565697055611,21.999999999999996,False,
2024-03-29,0.185,-5.128205128205132,15.406995502583445,5.128205128205132,False,
2024-03-30,0.205,10.81081081081081,15.93187670184815,10.81081081081081,False,
2024-03-31,0.205,0.0,15.132731714654573,0.0,False,
2024-04-01,0.205,0.0,15.138900982382296,0.0,False,
2024-04-02,0.185,-9.756097560975608,10.115366656682893,9.756097560975608,False,
2024-04-03,0.185,0.0,10.208129260746004,0.0,False,
2024-04-04,0.185,0.0,6.271404431492476,0.0,False,
2024-04-05,0.185,0.0,5.942728790406186,0.0,False,
2024-04-06,0.155,-16.216216216216218,6.60531653289971,16.216216216216218,False,
2024-04-07,0.145,-6.451612903225811,6.449588207465402,6.451612903225811,False,
2024-04-08,0.155,6.896551724137945,7.683753774672585,6.896551724137945,False,
2024-04-09,0.155,0.0,7.2642743403777175,0.0,False,
2024-04-10,0.18,16.129032258064502,10.101805124268095,16.129032258064502,False,
2024-04-11,0.195,8.333333333333348,10.574740444755273,8.333333333333348,False,
2024-04-12,0.185,-5.128205128205132,10.849167164701852,5.128205128205132,False,
2024-04-13,0.185,0.0,8.053848047611327,0.0,False,
2024-04-14,0.185,0.0,7.131598056024276,0.0,False,
2024-04-15,0.175,-5.405405405405405,7.717850263171951,5.405405405405405,False,
2024-04-16,0.175,0.0,7.717850263171951,0.0,False,
2024-04-17,0.175,0.0,4.551002399757663,0.0,False,
2024-04-18,0.175,0.0,2.5711833349570514,0.0,False,
2024-04-19,0.125,-28.57142857142857,10.650720208571942,28.57142857142857,True,top_10%
2024-04-20,0.115,-7.9999999999999964,10.470775630460297,7.9999999999999964,False,
2024-04-21,0.115,0.0,10.470775630460297,0.0,False,
2024-04-22,0.105,-8.695652173913048,10.51357136796258,8.695652173913048,False,
2024-04-23,0.105,0.0,10.51357136796258,0.0,False,
2024-04-24,0.155,47.61904761904763,23.175865117789247,47.61904761904763,True,top_10%
2024-04-25,0.15,-3.2258064516129115,23.215696326923123,3.2258064516129115,False,
2024-04-26,0.125,-16.666666666666664,21.126557664764395,16.666666666666664,False,
2024-04-27,0.12,-4.0000000000000036,20.877005492153437,4.0000000000000036,False,
2024-04-28,0.12,0.0,20.877005492153437,0.0,False,
2024-04-29,0.115,-4.1666666666666625,20.55262634798915,4.1666666666666625,False,
2024-04-30,0.105,-8.695652173913048,21.007423519034084,8.695652173913048,False,
2024-05-01,0.105,0.0,5.833399009631275,0.0,False,
2024-05-02,0.105,0.0,6.139411946760043,0.0,False,
2024-05-03,0.095,-9.523809523809524,4.086916434953013,9.523809523809524,False,
2024-05-04,0.075,-21.052631578947366,7.717198154869028,21.052631578947366,False,
2024-05-05,0.065,-13.33333333333333,7.574417978627204,13.33333333333333,False,
2024-05-06,0.055,-15.384615384615385,7.7847800907296625,15.384615384615385,False,
2024-05-07,0.065,18.181818181818187,13.149750068147544,18.181818181818187,False,
2024-05-08,0.065,0.0,13.149750068147544,0.0,False,
2024-05-09,0.075,15.384615384615374,15.3898462780219,15.384615384615374,False,
2024-05-10,0.085,13.333333333333353,16.337802679349043,13.333333333333353,False,
2024-05-11,0.125,47.058823529411754,21.470875465125243,47.058823529411754,True,top_10%
2024-05-12,0.105,-16.000000000000004,21.957931233115445,16.000000000000004,False,
2024-05-13,0.155,47.61904761904763,23.20319229063509,47.61904761904763,True,top_10%
2024-05-14,0.155,0.0,24.169113027352935,0.0,False,
2024-05-15,0.135,-12.903225806451601,25.95994968275105,12.903225806451601,False,
2024-05-16,0.1,-25.92592592592593,29.86213870834371,25.92592592592593,True,top_10%
2024-05-17,0.1,0.0,29.860530421812122,0.0,False,
2024-05-18,0.105,4.999999999999982,23.75753485093692,4.999999999999982,False,
2024-05-19,0.125,19.047619047619047,23.59374620779075,19.047619047619047,False,
2024-05-20,0.095,-24.0,16.266532514283146,24.0,True,top_10%
2024-05-21,0.61,542.1052631578947,207.96229325037007,542.1052631578947,True,"2σ,3x_volatility,top_10%"
2024-05-22,0.69,13.114754098360649,206.42073905298037,13.114754098360649,False,
2024-05-23,0.65,-5.797101449275354,204.90502157460958,5.797101449275354,False,
2024-05-24,0.991,52.461538461538446,202.50079302041232,52.461538461538446,True,"3x_volatility,top_10%"
